Workbook

Sheet Inventario
A1: Inventario de activos de ciudad · Imbornales de Ciudad Juan Bosch
A2: Fuente: levantamiento de Verasol (27/07/2026) · Coordenadas UTM 19N (WGS 84) · FIDEICOMISO PARA LA CONSTRUCCIÓN DE VIVIENDAS DE BAJO COSTO (FIDEICOMISO VBC RD)
A4: 473 imbornales · un clic en «Ver ↗» abre el punto en Google Maps · las observaciones señalan datos a confirmar con Verasol
A5: ID | B5: Tipo | C5: Ubicación | D5: Calle | E5: Lote donde está | F5: Nombre del lote | G5: Lote más cercano | H5: Distancia al lote (m) | I5: Cota (m) | J5: UTM Este | K5: UTM Norte | L5: Latitud | M5: Longitud | N5: No. en levantamiento | O5: Tipo anotado | P5: Observaciones | Q5: Mapa
A6: IMB-001 | B6: Filtrante doble | C6: Calle | D6: Calle Prof. Juan Bosch | G6: 09-32-03 | H6: 3.1 | I6: 34.533 | J6: 420573.96 | K6: 2043946.9 | L6: 18.484423 | M6: -69.752338 | N6: 1 | O6: filtrante doble | Q6: Ver ↗
A7: IMB-002 | B7: Filtrante doble | C7: Calle | D7: Calle Prof. Juan Bosch | G7: 09-32-03 | H7: 17.4 | I7: 34.534 | J7: 420574.9 | K7: 2043932.6 | L7: 18.484294 | M7: -69.752329 | N7: 2 | O7: filtrante doble | Q7: Ver ↗
A8: IMB-003 | B8: Filtrante doble | C8: Calle | D8: Calle Prof. Juan Bosch | G8: 09-32-03 | H8: 17.6 | I8: 34.311 | J8: 420718.84 | K8: 2043939 | L8: 18.484357 | M8: -69.750966 | N8: 3 | O8: filtrante doble | Q8: Ver ↗
A9: IMB-004 | B9: Filtrante doble | C9: Dentro de lote | E9: 09-32-03 | F9: Centro de Atención Primaria | G9: 09-32-03 | H9: 0 | I9: 34.17 | J9: 420718.8 | K9: 2043957.6 | L9: 18.484525 | M9: -69.750967 | N9: 4 | O9: filtrante doble | Q9: Ver ↗
A10: IMB-005 | B10: Filtrante doble | C10: Calle | D10: Calle Prof. Juan Bosch | G10: 07-35-02 | H10: 16.9 | I10: 32.615 | J10: 421181.27 | K10: 2043961.5 | L10: 18.484578 | M10: -69.746587 | N10: 5 | O10: filtrante doble | Q10: Ver ↗
A11: IMB-006 | B11: Filtrante doble | C11: Calle | D11: Calle Prof. Juan Bosch | G11: 07-35-02 | H11: 2.5 | I11: 32.608 | J11: 421180.62 | K11: 2043975.9 | L11: 18.484707 | M11: -69.746593 | N11: 6 | O11: filtrante doble | Q11: Ver ↗
A12: IMB-007 | B12: Filtrante doble | C12: Calle | D12: Avenida El Sembrador | G12: 07-31-06 | H12: 33 | I12: 32.485 | J12: 421582.74 | K12: 2044070 | L12: 18.485574 | M12: -69.742788 | N12: 7 | O12: filtrante doble | Q12: Ver ↗
A13: IMB-008 | B13: Filtrante simple | C13: Calle | D13: Avenida El Sembrador | G13: 07-35-06 | H13: 27.9 | I13: 32.89 | J13: 421583.51 | K13: 2044029.8 | L13: 18.48521 | M13: -69.742779 | N13: 8 | O13: filtrante | Q13: Ver ↗
A14: IMB-009 | B14: Filtrante simple | C14: Calle | D14: Avenida El Sembrador | G14: 07-31-06 | H14: 28 | I14: 32.835 | J14: 421581.74 | K14: 2044120.2 | L14: 18.486027 | M14: -69.7428 | N14: 9 | O14: filtrante | Q14: Ver ↗
A15: IMB-010 | B15: Filtrante simple | C15: Calle | D15: Avenida El Sembrador | G15: 07-31-02 | H15: 28 | I15: 33.768 | J15: 421578.86 | K15: 2044260.2 | L15: 18.487292 | M15: -69.742833 | N15: 10 | O15: filtrante | Q15: Ver ↗
A16: IMB-011 | B16: Filtrante simple | C16: Calle | D16: Avenida El Sembrador | G16: 06-26-01 | H16: 28 | I16: 34.087 | J16: 421572.64 | K16: 2044560.3 | L16: 18.490004 | M16: -69.742903 | N16: 11 | O16: filtrante | Q16: Ver ↗
A17: IMB-012 | B17: Filtrante doble | C17: Calle | D17: Avenida El Sembrador | G17: 06-26-01 | H17: 28 | I17: 33.651 | J17: 421570.82 | K17: 2044647.1 | L17: 18.490789 | M17: -69.742924 | N17: 12 | O17: filtrante doble | Q17: Ver ↗
A18: IMB-013 | B18: Filtrante simple | C18: Calle | D18: Avenida El Sembrador | G18: 06-26-01 | H18: 20.7 | I18: 33.837 | J18: 421563.58 | K18: 2044646 | L18: 18.490778 | M18: -69.742992 | N18: 13 | O18: filtrante | Q18: Ver ↗
A19: IMB-014 | B19: Filtrante doble | C19: Calle | D19: Avenida El Sembrador | G19: 04-40-02 | H19: 4.3 | I19: 32.529 | J19: 421561.62 | K19: 2045094.5 | L19: 18.494831 | M19: -69.743028 | N19: 14 | O19: filtrante doble | Q19: Ver ↗
A20: IMB-015 | B20: Filtrante simple | C20: Calle | D20: Avenida El Sembrador | G20: 04-39-01 | H20: 4.3 | I20: 31.59 | J20: 421589.02 | K20: 2045401.1 | L20: 18.497603 | M20: -69.742781 | N20: 15 | O20: filtrante | Q20: Ver ↗
A21: IMB-016 | B21: Filtrante simple | C21: Calle | D21: Avenida El Sembrador | G21: 04-39-01 | H21: 4.4 | I21: 30.736 | J21: 421639.3 | K21: 2045502.4 | L21: 18.498521 | M21: -69.742308 | N21: 16 | O21: filtrante | Q21: Ver ↗
... A35: IMB-030 | B35: Filtrante simple | C35: Calle | D35: Avenida El Sembrador | G35: 01-01-03 | H35: 3.6 | I35: 24.085 | J35: 421515.96 | K35: 2047073.5 | L35: 18.512715 | M35: -69.743538 | N35: 30 | O35: filtrante | Q35: Ver ↗
A36: IMB-031 | B36: Filtrante simple | C36: Calle | D36: Avenida El Sembrador | G36: 01-01-03 | H36: 3.5 | I36: 23.508 | J36: 421483.39 | K36: 2047133.3 | L36: 18.513254 | M36: -69.743849 | N36: 31 | O36: filtrante | P36: Misma coordenada que IMB-032: posible registro duplicado. | Q36: Ver ↗
A37: IMB-032 | B37: Filtrante simple | C37: Calle | D37: Avenida El Sembrador | G37: 01-01-03 | H37: 3.5 | I37: 23.512 | J37: 421483.39 | K37: 2047133.3 | L37: 18.513254 | M37: -69.743849 | N37: 32 | O37: filtrante | P37: Misma coordenada que IMB-031: posible registro duplicado. | Q37: Ver ↗
A38: IMB-033 | B38: Filtrante simple | C38: Calle | D38: Avenida El Sembrador | G38: 01-01-02 | H38: 4 | I38: 22.835 | J38: 421461.07 | K38: 2047200.2 | L38: 18.513857 | M38: -69.744063 | N38: 33 | O38: filtrante | Q38: Ver ↗
A39: IMB-034 | B39: Filtrante simple | C39: Calle | D39: Avenida El Sembrador | G39: 01-02-01 | H39: 2.6 | I39: 23.679 | J39: 421454.13 | K39: 2047118.2 | L39: 18.513116 | M39: -69.744125 | N39: 34 | O39: filtrante | Q39: Ver ↗
A40: IMB-035 | B40: Filtrante simple | C40: Calle | D40: Avenida El Sembrador | G40: 01-02-04 | H40: 2.7 | I40: 23.908 | J40: 421490.16 | K40: 2047052.5 | L40: 18.512523 | M40: -69.743782 | N40: 35 | O40: filtrante | Q40: Ver ↗
A41: IMB-036 | B41: Filtrante doble | C41: Calle | D41: Avenida El Sembrador | G41: 01-02-04 | H41: 2.8 | I41: 23.82 | J41: 421578.7 | K41: 2046891.3 | L41: 18.51107 | M41: -69.742936 | N41: 36 | O41: filtrante doble | Q41: Ver ↗
A42: IMB-037 | B42: Filtrante simple | C42: Calle | D42: Calle la muchacha de la Guaira | G42: 01-02-05 | H42: 8.2 | I42: 25.009 | J42: 421697.32 | K42: 2046668.3 | L42: 18.50906 | M42: -69.741804 | N42: 37 | O42: filtrante | Q42: Ver ↗
A43: IMB-038 | B43: Filtrante doble | C43: Calle | D43: Avenida El Sembrador | G43: 01-03-01 | H43: 2.6 | I43: 24.507 | J43: 421766.53 | K43: 2046548.6 | L43: 18.50798 | M43: -69.741144 | N43: 38 | O43: filtrante doble | Q43: Ver ↗
A44: IMB-039 | B44: Filtrante simple | C44: Calle | D44: Avenida El Sembrador | G44: 01-03-01 | H44: 2.5 | I44: 25.715 | J44: 421832.11 | K44: 2046428.7 | L44: 18.506899 | M44: -69.740518 | N44: 39 | O44: filtrante | Q44: Ver ↗
A45: IMB-040 | B45: Filtrante simple | C45: Calle | D45: Avenida El Sembrador | G45: 04-11-05 | H45: 3.6 | I45: 28.892 | J45: 421915.25 | K45: 2046252.4 | L45: 18.505309 | M45: -69.739723 | N45: 40 | O45: filtrante | Q45: Ver ↗
A46: IMB-041 | B46: Filtrante doble | C46: Calle | D46: Avenida El Sembrador | G46: 04-11-03 | H46: 1.7 | I46: 27.705 | J46: 421878.46 | K46: 2046040.5 | L46: 18.503392 | M46: -69.740064 | N46: 41 | O46: filtrante doble | Q46: Ver ↗
A47: IMB-042 | B47: Filtrante simple | C47: Calle | D47: Avenida El Sembrador | G47: 04-15-01 | H47: 0.8 | I47: 28.591 | J47: 421803.12 | K47: 2045889.1 | L47: 18.502021 | M47: -69.740772 | N47: 42 | O47: filtrante | Q47: Ver ↗
A48: IMB-043 | B48: Filtrante simple | C48: Calle | D48: Avenida El Sembrador | G48: 04-15-01 | H48: 0.8 | I48: 29.559 | J48: 421720.61 | K48: 2045723.4 | L48: 18.500521 | M48: -69.741547 | N48: 43 | O48: filtrante | Q48: Ver ↗
A49: IMB-044 | B49: Filtrante simple | C49: Calle | D49: Avenida El Sembrador | G49: 04-16-01 | H49: 1.6 | I49: 30.873 | J49: 421616.13 | K49: 2045514.2 | L49: 18.498626 | M49: -69.742528 | N49: 44 | O49: filtrante | Q49: Ver ↗
... A171: IMB-166 | B171: Filtrante doble | C171: Calle | D171: Avenida La Gaviota Tramo 1 | G171: 08-23-01 | H171: 6 | I171: 33.377 | J171: 420741.72 | K171: 2044780.5 | L171: 18.491963 | M171: -69.750782 | N171: 166 | O171: filtrante doble | Q171: Ver ↗
A172: IMB-167 | B172: Filtrante tipo «A» (por confirmar) | C172: Calle | D172: Avenida La Gaviota Tramo 1 | G172: 08-22-04 | H172: 1.4 | I172: 33.638 | J172: 420728.48 | K172: 2044735.2 | L172: 18.491553 | M172: -69.750906 | N172: 167 | O172: filtrante a | P172: Tipo «filtrante a» sin definición: confirmar con Verasol. | Q172: Ver ↗
A173: IMB-168 | B173: Filtrante tipo «A» (por confirmar) | C173: Calle | D173: Avenida La Gaviota Tramo 1 | G173: 08-23-01 | H173: 5.9 | I173: 33.761 | J173: 420744.06 | K173: 2044733.5 | L173: 18.491538 | M173: -69.750758 | N173: 168 | O173: filtrante a | P173: Tipo «filtrante a» sin definición: confirmar con Verasol. | Q173: Ver ↗
A174: IMB-169 | B174: Filtrante tipo «A» (por confirmar) | C174: Calle | D174: Avenida La Gaviota Tramo 1 | G174: 08-23-01 | H174: 5.8 | I174: 34.059 | J174: 420745.76 | K174: 2044700 | L174: 18.491236 | M174: -69.750741 | N174: 169 | O174: filtrante a | P174: Tipo «filtrante a» sin definición: confirmar con Verasol. | Q174: Ver ↗
A175: IMB-170 | B175: Filtrante tipo «A» (por confirmar) | C175: Calle | D175: Avenida La Gaviota Tramo 1 | G175: 08-22-04 | H175: 1.4 | I175: 33.949 | J175: 420730.22 | K175: 2044698.5 | L175: 18.491221 | M175: -69.750888 | N175: 170 | O175: filtrante a | P175: Tipo «filtrante a» sin definición: confirmar con Verasol. | Q175: Ver ↗
A176: IMB-171 | B176: Filtrante tipo «A» (por confirmar) | C176: Calle | D176: Avenida La Gaviota Tramo 1 | G176: 08-23-04 | H176: 21.1 | I176: 34.176 | J176: 420732.03 | K176: 2044663.9 | L176: 18.490909 | M176: -69.750869 | N176: 171 | O176: filtrante a | P176: Tipo «filtrante a» sin definición: confirmar con Verasol. | Q176: Ver ↗
A177: IMB-172 | B177: Filtrante simple | C177: Calle | D177: Avenida La Gaviota Tramo 1 | G177: 08-23-03 | H177: 6 | I177: 34.098 | J177: 420747.48 | K177: 2044666.9 | L177: 18.490936 | M177: -69.750723 | N177: 172 | O177: filtrante | Q177: Ver ↗
A178: IMB-173 | B178: Filtrante simple | C178: Calle | D178: Avenida La Gaviota Tramo 1 | G178: 08-22-05 | H178: 1.7 | I178: 34.534 | J178: 420733.78 | K178: 2044629.8 | L178: 18.4906 | M178: -69.750851 | N178: 173 | O178: filtrante | Q178: Ver ↗
A179: IMB-174 | B179: Filtrante simple | C179: Calle | D179: Avenida La Gaviota Tramo 1 | G179: 08-23-04 | H179: 5 | I179: 34.413 | J179: 420749.11 | K179: 2044630.4 | L179: 18.490607 | M179: -69.750706 | N179: 174 | O179: filtrante | Q179: Ver ↗
A180: IMB-175 | B180: Filtrante simple | C180: Calle | D180: Avenida La Gaviota Tramo 1 | G180: 08-22-01 | H180: 7.4 | I180: 35.528 | J180: 420741.37 | K180: 2044591.2 | L180: 18.490252 | M180: -69.750778 | N180: 175 | O180: filtrante | Q180: Ver ↗
A181: IMB-176 | B181: Filtrante simple | C181: Calle | D181: Avenida La Gaviota Tramo 1 | G181: 08-22-05 | H181: 1.6 | I181: 34.694 | J181: 420735.49 | K181: 2044592.7 | L181: 18.490265 | M181: -69.750834 | N181: 176 | O181: filtrante | Q181: Ver ↗
A182: IMB-177 | B182: Filtrante simple | C182: Calle | D182: Avenida La Gaviota Tramo 1 | G182: 08-22-01 | H182: 1.6 | I182: 34.696 | J182: 420737.15 | K182: 2044558.2 | L182: 18.489953 | M182: -69.750817 | N182: 177 | O182: filtrante | Q182: Ver ↗
A183: IMB-178 | B183: Filtrante simple | C183: Calle | D183: Avenida La Gaviota Tramo 1 | G183: 08-23-02 | H183: 4.8 | I183: 34.944 | J183: 420752.65 | K183: 2044559.9 | L183: 18.489969 | M183: -69.75067 | N183: 178 | O183: filtrante | Q183: Ver ↗
A184: IMB-179 | B184: Filtrante simple | C184: Calle | D184: Avenida La Gaviota Tramo 1 | G184: 08-23-02 | H184: 4.8 | I184: 35.392 | J184: 420754.35 | K184: 2044523.7 | L184: 18.489642 | M184: -69.750652 | N184: 179 | O184: filtrante | Q184: Ver ↗
A185: IMB-180 | B185: Filtrante simple | C185: Calle | D185: Avenida La Gaviota Tramo 1 | G185: 08-22-01 | H185: 1.8 | I185: 35.238 | J185: 420738.93 | K185: 2044522.9 | L185: 18.489635 | M185: -69.750798 | N185: 180 | O185: filtrante | Q185: Ver ↗
A186: IMB-181 | B186: Filtrante simple | C186: Calle | D186: Avenida La Gaviota Tramo 1 | G186: 08-22-01 | H186: 1.9 | I186: 35.552 | J186: 420740.79 | K186: 2044486.6 | L186: 18.489307 | M186: -69.750779 | N186: 181 | O186: filtrante | Q186: Ver ↗
A187: IMB-182 | B187: Filtrante simple | C187: Calle | D187: Avenida La Gaviota Tramo 1 | G187: 08-23-02 | H187: 4.7 | I187: 35.398 | J187: 420756.19 | K187: 2044487.3 | L187: 18.489313 | M187: -69.750634 | N187: 182 | O187: filtrante | Q187: Ver ↗
A188: IMB-183 | B188: Filtrante simple | C188: Calle | D188: Avenida La Gaviota Tramo 1 | G188: 08-23-02 | H188: 4.5 | I188: 35.59 | J188: 420758.04 | K188: 2044452.4 | L188: 18.488999 | M188: -69.750615 | N188: 183 | O188: filtrante | Q188: Ver ↗
... A224: IMB-219 | B224: Filtrante simple | C224: Calle | D224: Boulevard el Oro y la Paz | G224: 08-23-02 | H224: 5.6 | I224: 34.865 | J224: 420813.63 | K224: 2044410.9 | L224: 18.488625 | M224: -69.750086 | N224: 219 | O224: filtrante | Q224: Ver ↗
A225: IMB-220 | B225: Filtrante doble | C225: Calle | D225: Boulevard el Oro y la Paz | G225: 08-22-01 | H225: 5.9 | I225: 34.602 | J225: 420584.49 | K225: 2044399.7 | L225: 18.488515 | M225: -69.752256 | N225: 220 | O225: filtrantedoble | P225: Tipo escrito «filtrantedoble»; se asumió filtrante doble. | Q225: Ver ↗
A226: IMB-221 | B226: Filtrante simple | C226: Calle | D226: Boulevard el Oro y la Paz | G226: 08-22-01 | H226: 5.9 | I226: 34.997 | J226: 420529.25 | K226: 2044397.1 | L226: 18.48849 | M226: -69.75278 | N226: 221 | O226: filtrante | Q226: Ver ↗
A227: IMB-222 | B227: Filtrante doble | C227: Calle | D227: Calle Encarnacion Mendoza | G227: 08-22-01 | H227: 4.7 | I227: 33.702 | J227: 420445.62 | K227: 2044500.3 | L227: 18.489419 | M227: -69.753576 | N227: 222 | O227: filtrante doble | Q227: Ver ↗
A228: IMB-223 | B228: Filtrante doble | C228: Calle | D228: Calle Encarnacion Mendoza | G228: 08-22-01 | H228: 20.5 | I228: 33.733 | J228: 420429.83 | K228: 2044499.1 | L228: 18.489408 | M228: -69.753725 | N228: 223 | O228: filtrante doble | Q228: Ver ↗
A229: IMB-224 | B229: Filtrante simple | C229: Calle | D229: Calle Encarnacion Mendoza | G229: 08-22-01 | H229: 4.9 | I229: 34.131 | J229: 420445.27 | K229: 2044521 | L229: 18.489607 | M229: -69.75358 | N229: 224 | O229: filtrante | Q229: Ver ↗
A230: IMB-225 | B230: Filtrante simple | C230: Calle | D230: Calle Encarnacion Mendoza | G230: 08-22-01 | H230: 4.7 | I230: 33.949 | J230: 420445.2 | K230: 2044545.6 | L230: 18.489828 | M230: -69.753581 | N230: 225 | O230: filtrante | Q230: Ver ↗
A231: IMB-226 | B231: Filtrante simple | C231: Calle | D231: Calle Encarnacion Mendoza | G231: 08-22-01 | H231: 5 | I231: 34.243 | J231: 420444.7 | K231: 2044572 | L231: 18.490067 | M231: -69.753587 | N231: 226 | O231: filtrante | Q231: Ver ↗
A232: IMB-227 | B232: Filtrante simple | C232: Calle | D232: Calle Encarnacion Mendoza | G232: 08-22-01 | H232: 20.7 | I232: 34.115 | J232: 420429.01 | K232: 2044571.9 | L232: 18.490066 | M232: -69.753736 | N232: 227 | O232: filtrante | Q232: Ver ↗
A233: IMB-228 | B233: Filtrante simple | C233: Calle | D233: Calle Encarnacion Mendoza | G233: 08-22-01 | H233: 4.8 | I233: 34.256 | J233: 420444.63 | K233: 2044595.7 | L233: 18.490282 | M233: -69.753589 | N233: 228 | O233: filtrante | Q233: Ver ↗
A234: IMB-229 | B234: Filtrante simple | C234: Calle | D234: Calle Encarnacion Mendoza | G234: 08-22-01 | H234: 4.8 | I234: 34.358 | J234: 420444.37 | K234: 2044623.7 | L234: 18.490534 | M234: -69.753592 | N234: 229 | O234: filtrante | Q234: Ver ↗
A235: IMB-230 | B235: Filtrante doble | C235: Calle | D235: Calle Encarnacion Mendoza | G235: 08-22-01 | H235: 5.1 | I235: 32.455 | J235: 420443.23 | K235: 2044717 | L235: 18.491377 | M235: -69.753607 | N235: 230 | O235: filtrante doble | Q235: Ver ↗
A236: IMB-231 | B236: Filtrante doble | C236: Calle | D236: Calle Encarnacion Mendoza | G236: 08-22-01 | H236: 20.9 | I236: 32.467 | J236: 420427.36 | K236: 2044716.4 | L236: 18.491371 | M236: -69.753757 | N236: 231 | O236: filtrante doble | Q236: Ver ↗
A237: IMB-232 | B237: Filtrante simple | C237: Calle | D237: Calle Encarnacion Mendoza | G237: 08-22-01 | H237: 5.1 | I237: 32.627 | J237: 420442.83 | K237: 2044760.3 | L237: 18.491769 | M237: -69.753612 | N237: 232 | O237: filtrante | Q237: Ver ↗
... A242: IMB-237 | B242: Filtrante doble | C242: Calle | D242: Avenida La Gaviota Tramo 1 | G242: 05-20-08 | H242: 3.3 | I242: 33.432 | J242: 420765.04 | K242: 2044919.3 | L242: 18.493218 | M242: -69.750567 | N242: 237 | O242: filtrante doble | Q242: Ver ↗
A243: IMB-238 | B243: Filtrante simple | C243: Calle | D243: Avenida La Gaviota Tramo 1 | G243: 05-20-07 | H243: 3.9 | I243: 33.562 | J243: 420764.71 | K243: 2044960.2 | L243: 18.493588 | M243: -69.750572 | N243: 238 | O243: filtrant | P243: Tipo escrito «filtrant» en el levantamiento; se asumió filtrante simple. | Q243: Ver ↗
A244: IMB-239 | B244: Filtrante doble | C244: Calle | D244: Avenida La Gaviota Tramo 1 | G244: 05-20-01 | H244: 3.9 | I244: 33.352 | J244: 420764.22 | K244: 2045014.1 | L244: 18.494074 | M244: -69.750578 | N244: 239 | O244: filtrante doble | Q244: Ver ↗
A245: IMB-240 | B245: Filtrante simple | C245: Calle | D245: Avenida La Gaviota Tramo 1 | G245: 05-20-01 | H245: 3.9 | I245: 33.54 | J245: 420763.65 | K245: 2045080.6 | L245: 18.494675 | M245: -69.750586 | N245: 240 | O245: filtrante | Q245: Ver ↗
A246: IMB-241 | B246: Filtrante simple | C246: Calle | D246: Avenida La Gaviota Tramo 1 | G246: 05-20-01 | H246: 3.8 | I246: 33.905 | J246: 420763.17 | K246: 2045136.1 | L246: 18.495177 | M246: -69.750593 | N246: 241 | O246: filtrante | Q246: Ver ↗
A247: IMB-242 | B247: Filtrante simple | C247: Calle | D247: Avenida La Gaviota Tramo 1 | G247: 05-18-01 | H247: 3.8 | I247: 33.753 | J247: 420762.2 | K247: 2045251.1 | L247: 18.496216 | M247: -69.750607 | N247: 242 | O247: filtrante | P247: Misma coordenada que IMB-243: posible registro duplicado. | Q247: Ver ↗
A248: IMB-243 | B248: Filtrante simple | C248: Calle | D248: Avenida La Gaviota Tramo 1 | G248: 05-18-01 | H248: 3.8 | I248: 33.726 | J248: 420762.2 | K248: 2045251.1 | L248: 18.496216 | M248: -69.750607 | N248: 243 | O248: filtrante | P248: Misma coordenada que IMB-242: posible registro duplicado. | Q248: Ver ↗
A249: IMB-244 | B249: Filtrante simple | C249: Calle | D249: Avenida La Gaviota Tramo 1 | G249: 05-18-01 | H249: 3.9 | I249: 32.544 | J249: 420761.73 | K249: 2045295.7 | L249: 18.49662 | M249: -69.750613 | N249: 244 | O249: filtrante | Q249: Ver ↗
A250: IMB-245 | B250: Filtrante simple | C250: Calle | D250: Avenida La Gaviota Tramo 1 | G250: 05-18-01 | H250: 3.9 | I250: 31.703 | J250: 420760.99 | K250: 2045372.3 | L250: 18.497312 | M250: -69.750623 | N250: 245 | O250: filtrante | Q250: Ver ↗
A251: IMB-246 | B251: Filtrante simple | C251: Calle | D251: Avenida La Gaviota Tramo 1 | G251: 05-18-01 | H251: 3.9 | I251: 31.56 | J251: 420761.04 | K251: 2045372.4 | L251: 18.497313 | M251: -69.750622 | N251: 246 | O251: filtrante | Q251: Ver ↗
A252: IMB-247 | B252: Filtrante simple | C252: Calle | D252: Avenida La Gaviota Tramo 1 | G252: 05-18-01 | H252: 5 | I252: 30.748 | J252: 420761.65 | K252: 2045427.4 | L252: 18.49781 | M252: -69.750619 | N252: 247 | O252: filtrante | Q252: Ver ↗
A253: IMB-248 | B253: Filtrante simple | C253: Calle | D253: Avenida La Gaviota Tramo 1 | G253: 05-17-01 | H253: 3.9 | I253: 30.296 | J253: 420759.85 | K253: 2045511.3 | L253: 18.498568 | M253: -69.750639 | N253: 248 | O253: filtrante | Q253: Ver ↗
A254: IMB-249 | B254: Filtrante doble | C254: Calle | D254: Avenida La Gaviota Tramo 1 | G254: 05-17-01 | H254: 3.8 | I254: 30.013 | J254: 420759.47 | K254: 2045562.2 | L254: 18.499028 | M254: -69.750645 | N254: 249 | O254: filtrante doble | Q254: Ver ↗
A255: IMB-250 | B255: Filtrante doble | C255: Calle | D255: Avenida La Gaviota Tramo 1 | G255: 05-17-01 | H255: 19.9 | I255: 30.191 | J255: 420743.39 | K255: 2045561.4 | L255: 18.49902 | M255: -69.750797 | N255: 250 | O255: filtrante doble | Q255: Ver ↗
A256: IMB-251 | B256: Filtrante doble | C256: Calle | D256: Avenida La Gaviota Tramo 1 | G256: 05-17-01 | H256: 20 | I256: 30.138 | J256: 420743.36 | K256: 2045552.7 | L256: 18.498942 | M256: -69.750797 | N256: 251 | O256: filtrante doble | Q256: Ver ↗
A257: IMB-252 | B257: Filtrante simple | C257: Calle | D257: Avenida La Gaviota Tramo 1 | G257: 05-17-01 | H257: 19.8 | I257: 30.403 | J257: 420743.69 | K257: 2045532.1 | L257: 18.498755 | M257: -69.750793 | N257: 252 | O257: filtrante | Q257: Ver ↗
A258: IMB-253 | B258: Filtrante simple | C258: Calle | D258: Avenida La Gaviota Tramo 1 | G258: 05-17-01 | H258: 19.9 | I258: 30.434 | J258: 420743.8 | K258: 2045511.4 | L258: 18.498569 | M258: -69.750791 | N258: 253 | O258: filtrante | Q258: Ver ↗
A259: IMB-254 | B259: Filtrante simple | C259: Calle | D259: Avenida La Gaviota Tramo 1 | G259: 05-17-02 | H259: 20 | I259: 30.443 | J259: 420743.92 | K259: 2045489.6 | L259: 18.498371 | M259: -69.750789 | N259: 254 | O259: filtrante | Q259: Ver ↗
A260: IMB-255 | B260: Filtrante simple | C260: Calle | D260: Avenida La Gaviota Tramo 1 | G260: 05-17-02 | H260: 19.9 | I260: 30.87 | J260: 420744.24 | K260: 2045469.1 | L260: 18.498186 | M260: -69.750785 | N260: 255 | O260: filtrante | Q260: Ver ↗
... A335: IMB-330 | B335: Filtrante simple | C335: Calle | D335: Calle La Vega | G335: 04-39-02 | H335: 0.3 | I335: 30.313 | J335: 421774.65 | K335: 2045302.6 | L335: 18.49672 | M335: -69.741018 | N335: 330 | O335: filtrante | Q335: Ver ↗
A336: IMB-331 | B336: Filtrante simple | C336: Dentro de lote | E336: 04-39-01 | F336: RESIDENCIAL PALMERA DEL ESTE V | G336: 04-39-01 | H336: 0 | I336: 31.871 | J336: 421622.99 | K336: 2045303.1 | L336: 18.496719 | M336: -69.742455 | N336: 331 | O336: filtrante | Q336: Ver ↗
A337: IMB-332 | B337: Filtrante simple | C337: Calle | D337: Calle La Vega | G337: 04-40-01 | H337: 2.5 | I337: 30.961 | J337: 421698.46 | K337: 2045290.4 | L337: 18.496607 | M337: -69.74174 | N337: 332 | O337: filtrante | Q337: Ver ↗
A338: IMB-333 | B338: Filtrante simple | C338: Calle | D338: Calle La Vega | G338: 04-40-01 | H338: 2 | I338: 30.292 | J338: 421774.7 | K338: 2045290 | L338: 18.496606 | M338: -69.741018 | N338: 333 | O338: filtrante | Q338: Ver ↗
A339: IMB-334 | B339: Filtrante simple | C339: Calle | D339: Calle La Vega | G339: 04-40-01 | H339: 1.4 | I339: 30.141 | J339: 421854.82 | K339: 2045289.5 | L339: 18.496605 | M339: -69.740259 | N339: 334 | O339: filtrante | Q339: Ver ↗
A340: IMB-335 | B340: Filtrante doble | C340: Calle | D340: Calle La Vega | G340: 04-40-01 | H340: 1.8 | I340: 29.879 | J340: 421997.09 | K340: 2045290.2 | L340: 18.496616 | M340: -69.738911 | N340: 335 | O340: filtrante doble | Q340: Ver ↗
A341: IMB-336 | B341: Filtrante doble | C341: Calle | D341: Calle La Vega | G341: 04-40-01 | H341: 0.7 | I341: 29.374 | J341: 421997.38 | K341: 2045289.1 | L341: 18.496606 | M341: -69.738908 | N341: 336 | O341: filtrante doble | Q341: Ver ↗
A342: IMB-337 | B342: Filtrante doble | C342: Calle | D342: Calle La Vega | G342: 04-13-03 | H342: 1.3 | I342: 29.398 | J342: 421995.76 | K342: 2045301.4 | L342: 18.496717 | M342: -69.738924 | N342: 337 | O342: filtrante doble | Q342: Ver ↗
A343: IMB-338 | B343: Filtrante simple | C343: Calle | D343: Calle La Vega | G343: 04-13-03 | H343: 0.8 | I343: 30.154 | J343: 421854.92 | K343: 2045302 | L343: 18.496717 | M343: -69.740258 | N343: 338 | O343: filtrante | Q343: Ver ↗
A344: IMB-339 | B344: Filtrante simple | C344: Calle | D344: Calle La Mancha Indeliable | G344: 04-13-03 | H344: 3.3 | I344: 29.782 | J344: 421806.07 | K344: 2045373.1 | L344: 18.497358 | M344: -69.740724 | N344: 339 | O344: filtrante | Q344: Ver ↗
A345: IMB-340 | B345: Filtrante simple | C345: Calle | D345: Calle La Mancha Indeliable | G345: 04-13-03 | H345: 3.1 | I345: 29.442 | J345: 421806.4 | K345: 2045417.8 | L345: 18.497762 | M345: -69.740722 | N345: 340 | O345: filtrante | Q345: Ver ↗
A346: IMB-341 | B346: Filtrante simple | C346: Calle | D346: Paseo Rio Verde | G346: 04-12-05 | H346: 4.2 | I346: 29.014 | J346: 421843.35 | K346: 2045568.3 | L346: 18.499123 | M346: -69.740378 | N346: 341 | O346: filtrante | Q346: Ver ↗
A347: IMB-342 | B347: Filtrante simple | C347: Calle | D347: Paseo Rio Verde | G347: 04-12-05 | H347: 4.5 | I347: 28.15 | J347: 421879.62 | K347: 2045629.5 | L347: 18.499678 | M347: -69.740037 | N347: 342 | O347: filtrante | Q347: Ver ↗
A348: IMB-343 | B348: Filtrante simple | C348: Calle | D348: Calle Rio Verde | G348: 04-12-05 | H348: 5.1 | I348: 30.003 | J348: 421766.72 | K348: 2045494.9 | L348: 18.498457 | M348: -69.741101 | N348: 343 | O348: filtrante | Q348: Ver ↗
...

Sheet Resumen por calle
A1: Resumen por calle
A2: Se calcula con fórmulas a partir de la hoja Inventario
A5: Calle / ubicación | B5: Filtrante simple | C5: Filtrante doble | D5: Filtrante tipo «A» (por confirmar) | E5: Cisterna (PG) | F5: Total
A6: Avenida La Gaviota Tramo 1 | B6: =COUNTIFS(Inventario!$D$6:$D$478,$A6,Inventario!$B$6:$B$478,"Filtrante simple") -> 48 | C6: =COUNTIFS(Inventario!$D$6:$D$478,$A6,Inventario!$B$6:$B$478,"Filtrante doble") -> 12 | D6: =COUNTIFS(Inventario!$D$6:$D$478,$A6,Inventario!$B$6:$B$478,"Filtrante tipo «A» (por confirmar)") -> 5 | E6: =COUNTIFS(Inventario!$D$6:$D$478,$A6,Inventario!$B$6:$B$478,"Cisterna (PG)") -> 0 | F6: =SUM(B6:E6) -> 65
A7: Avenida El Sembrador | B7: =COUNTIFS(Inventario!$D$6:$D$478,$A7,Inventario!$B$6:$B$478,"Filtrante simple") -> 45 | C7: =COUNTIFS(Inventario!$D$6:$D$478,$A7,Inventario!$B$6:$B$478,"Filtrante doble") -> 10 | D7: =COUNTIFS(Inventario!$D$6:$D$478,$A7,Inventario!$B$6:$B$478,"Filtrante tipo «A» (por confirmar)") -> 0 | E7: =COUNTIFS(Inventario!$D$6:$D$478,$A7,Inventario!$B$6:$B$478,"Cisterna (PG)") -> 0 | F7: =SUM(B7:E7) -> 55
A8: Avenida Camino Real Nor Este | B8: =COUNTIFS(Inventario!$D$6:$D$478,$A8,Inventario!$B$6:$B$478,"Filtrante simple") -> 43 | C8: =COUNTIFS(Inventario!$D$6:$D$478,$A8,Inventario!$B$6:$B$478,"Filtrante doble") -> 11 | D8: =COUNTIFS(Inventario!$D$6:$D$478,$A8,Inventario!$B$6:$B$478,"Filtrante tipo «A» (por confirmar)") -> 0 | E8: =COUNTIFS(Inventario!$D$6:$D$478,$A8,Inventario!$B$6:$B$478,"Cisterna (PG)") -> 0 | F8: =SUM(B8:E8) -> 54
A9: Boulevard el Oro y la Paz | B9: =COUNTIFS(Inventario!$D$6:$D$478,$A9,Inventario!$B$6:$B$478,"Filtrante simple") -> 26 | C9: =COUNTIFS(Inventario!$D$6:$D$478,$A9,Inventario!$B$6:$B$478,"Filtrante doble") -> 5 | D9: =COUNTIFS(Inventario!$D$6:$D$478,$A9,Inventario!$B$6:$B$478,"Filtrante tipo «A» (por confirmar)") -> 0 | E9: =COUNTIFS(Inventario!$D$6:$D$478,$A9,Inventario!$B$6:$B$478,"Cisterna (PG)") -> 0 | F9: =SUM(B9:E9) -> 31
A10: Boulevard La Mujer | B10: =COUNTIFS(Inventario!$D$6:$D$478,$A10,Inventario!$B$6:$B$478,"Filtrante simple") -> 25 | C10: =COUNTIFS(Inventario!$D$6:$D$478,$A10,Inventario!$B$6:$B$478,"Filtrante doble") -> 4 | D10: =COUNTIFS(Inventario!$D$6:$D$478,$A10,Inventario!$B$6:$B$478,"Filtrante tipo «A» (por confirmar)") -> 0 | E10: =COUNTIFS(Inventario!$D$6:$D$478,$A10,Inventario!$B$6:$B$478,"Cisterna (PG)") -> 0 | F10: =SUM(B10:E10) -> 29
A11: Calle Encarnacion Mendoza | B11: =COUNTIFS(Inventario!$D$6:$D$478,$A11,Inventario!$B$6:$B$478,"Filtrante simple") -> 16 | C11: =COUNTIFS(Inventario!$D$6:$D$478,$A11,Inventario!$B$6:$B$478,"Filtrante doble") -> 8 | D11: =COUNTIFS(Inventario!$D$6:$D$478,$A11,Inventario!$B$6:$B$478,"Filtrante tipo «A» (por confirmar)") -> 0 | E11: =COUNTIFS(Inventario!$D$6:$D$478,$A11,Inventario!$B$6:$B$478,"Cisterna (PG)") -> 0 | F11: =SUM(B11:E11) -> 24
A12: Calle Rey David | B12: =COUNTIFS(Inventario!$D$6:$D$478,$A12,Inventario!$B$6:$B$478,"Filtrante simple") -> 20 | C12: =COUNTIFS(Inventario!$D$6:$D$478,$A12,Inventario!$B$6:$B$478,"Filtrante doble") -> 3 | D12: =COUNTIFS(Inventario!$D$6:$D$478,$A12,Inventario!$B$6:$B$478,"Filtrante tipo «A» (por confirmar)") -> 0 | E12: =COUNTIFS(Inventario!$D$6:$D$478,$A12,Inventario!$B$6:$B$478,"Cisterna (PG)") -> 0 | F12: =SUM(B12:E12) -> 23
A13: Calle Papa Juan | B13: =COUNTIFS(Inventario!$D$6:$D$478,$A13,Inventario!$B$6:$B$478,"Filtrante simple") -> 14 | C13: =COUNTIFS(Inventario!$D$6:$D$478,$A13,Inventario!$B$6:$B$478,"Filtrante doble") -> 5 | D13: =COUNTIFS(Inventario!$D$6:$D$478,$A13,Inventario!$B$6:$B$478,"Filtrante tipo «A» (por confirmar)") -> 0 | E13: =COUNTIFS(Inventario!$D$6:$D$478,$A13,Inventario!$B$6:$B$478,"Cisterna (PG)") -> 0 | F13: =SUM(B13:E13) -> 19
A14: Calle Carmen Quidiello De Bosch | B14: =COUNTIFS(Inventario!$D$6:$D$478,$A14,Inventario!$B$6:$B$478,"Filtrante simple") -> 17 | C14: =COUNTIFS(Inventario!$D$6:$D$478,$A14,Inventario!$B$6:$B$478,"Filtrante doble") -> 1 | D14: =COUNTIFS(Inventario!$D$6:$D$478,$A14,Inventario!$B$6:$B$478,"Filtrante tipo «A» (por confirmar)") -> 0 | E14: =COUNTIFS(Inventario!$D$6:$D$478,$A14,Inventario!$B$6:$B$478,"Cisterna (PG)") -> 0 | F14: =SUM(B14:E14) -> 18
A15: Calle Fragata | B15: =COUNTIFS(Inventario!$D$6:$D$478,$A15,Inventario!$B$6:$B$478,"Filtrante simple") -> 11 | C15: =COUNTIFS(Inventario!$D$6:$D$478,$A15,Inventario!$B$6:$B$478,"Filtrante doble") -> 5 | D15: =COUNTIFS(Inventario!$D$6:$D$478,$A15,Inventario!$B$6:$B$478,"Filtrante tipo «A» (por confirmar)") -> 0 | E15: =COUNTIFS(Inventario!$D$6:$D$478,$A15,Inventario!$B$6:$B$478,"Cisterna (PG)") -> 0 | F15: =SUM(B15:E15) -> 16
A16: Calle la muchacha de la Guaira | B16: =COUNTIFS(Inventario!$D$6:$D$478,$A16,Inventario!$B$6:$B$478,"Filtrante simple") -> 11 | C16: =COUNTIFS(Inventario!$D$6:$D$478,$A16,Inventario!$B$6:$B$478,"Filtrante doble") -> 2 | D16: =COUNTIFS(Inventario!$D$6:$D$478,$A16,Inventario!$B$6:$B$478,"Filtrante tipo «A» (por confirmar)") -> 0 | E16: =COUNTIFS(Inventario!$D$6:$D$478,$A16,Inventario!$B$6:$B$478,"Cisterna (PG)") -> 0 | F16: =SUM(B16:E16) -> 13
A17: Calle Dos Amigos | B17: =COUNTIFS(Inventario!$D$6:$D$478,$A17,Inventario!$B$6:$B$478,"Filtrante simple") -> 13 | C17: =COUNTIFS(Inventario!$D$6:$D$478,$A17,Inventario!$B$6:$B$478,"Filtrante doble") -> 0 | D17: =COUNTIFS(Inventario!$D$6:$D$478,$A17,Inventario!$B$6:$B$478,"Filtrante tipo «A» (por confirmar)") -> 0 | E17: =COUNTIFS(Inventario!$D$6:$D$478,$A17,Inventario!$B$6:$B$478,"Cisterna (PG)") -> 0 | F17: =SUM(B17:E17) -> 13
... A32: Paseo Rio Verde | B32: =COUNTIFS(Inventario!$D$6:$D$478,$A32,Inventario!$B$6:$B$478,"Filtrante simple") -> 2 | C32: =COUNTIFS(Inventario!$D$6:$D$478,$A32,Inventario!$B$6:$B$478,"Filtrante doble") -> 0 | D32: =COUNTIFS(Inventario!$D$6:$D$478,$A32,Inventario!$B$6:$B$478,"Filtrante tipo «A» (por confirmar)") -> 0 | E32: =COUNTIFS(Inventario!$D$6:$D$478,$A32,Inventario!$B$6:$B$478,"Cisterna (PG)") -> 0 | F32: =SUM(B32:E32) -> 2
A33: Dentro de lote | B33: =COUNTIFS(Inventario!$C$6:$C$478,$A33,Inventario!$B$6:$B$478,"Filtrante simple") -> 14 | C33: =COUNTIFS(Inventario!$C$6:$C$478,$A33,Inventario!$B$6:$B$478,"Filtrante doble") -> 3 | D33: =COUNTIFS(Inventario!$C$6:$C$478,$A33,Inventario!$B$6:$B$478,"Filtrante tipo «A» (por confirmar)") -> 0 | E33: =COUNTIFS(Inventario!$C$6:$C$478,$A33,Inventario!$B$6:$B$478,"Cisterna (PG)") -> 1 | F33: =SUM(B33:E33) -> 18
A34: Fuera de lotes del Master Plan | B34: =COUNTIFS(Inventario!$C$6:$C$478,$A34,Inventario!$B$6:$B$478,"Filtrante simple") -> 1 | C34: =COUNTIFS(Inventario!$C$6:$C$478,$A34,Inventario!$B$6:$B$478,"Filtrante doble") -> 0 | D34: =COUNTIFS(Inventario!$C$6:$C$478,$A34,Inventario!$B$6:$B$478,"Filtrante tipo «A» (por confirmar)") -> 0 | E34: =COUNTIFS(Inventario!$C$6:$C$478,$A34,Inventario!$B$6:$B$478,"Cisterna (PG)") -> 0 | F34: =SUM(B34:E34) -> 1
A35: Total | B35: =SUM(B6:B34) -> 365 | C35: =SUM(C6:C34) -> 102 | D35: =SUM(D6:D34) -> 5 | E35: =SUM(E6:E34) -> 1 | F35: =SUM(F6:F34) -> 473

Sheet Por revisar con Verasol
A1: Datos a confirmar con Verasol
A2: Diferencias encontradas al procesar el levantamiento; ninguna impide usar el inventario
A5: ID | B5: Fila en el Excel original | C5: Situación | D5: Coordenada (UTM E / N)
A6: IMB-031 | B6: 445 | C6: Misma coordenada que IMB-032: posible registro duplicado. | D6: 421483.39 / 2047133.27
A7: IMB-032 | B7: 444 | C7: Misma coordenada que IMB-031: posible registro duplicado. | D7: 421483.39 / 2047133.27
A8: IMB-167 | B8: 309 | C8: Tipo «filtrante a» sin definición: confirmar con Verasol. | D8: 420728.48 / 2044735.17
A9: IMB-168 | B9: 308 | C9: Tipo «filtrante a» sin definición: confirmar con Verasol. | D9: 420744.06 / 2044733.49
A10: IMB-169 | B10: 307 | C10: Tipo «filtrante a» sin definición: confirmar con Verasol. | D10: 420745.76 / 2044700.04
A11: IMB-170 | B11: 306 | C11: Tipo «filtrante a» sin definición: confirmar con Verasol. | D11: 420730.22 / 2044698.50
A12: IMB-171 | B12: 305 | C12: Tipo «filtrante a» sin definición: confirmar con Verasol. | D12: 420732.03 / 2044663.92
A13: IMB-220 | B13: 255 | C13: Tipo escrito «filtrantedoble»; se asumió filtrante doble. | D13: 420584.49 / 2044399.68
A14: IMB-238 | B14: 237 | C14: Tipo escrito «filtrant» en el levantamiento; se asumió filtrante simple. | D14: 420764.71 / 2044960.23
A15: IMB-242 | B15: 233 | C15: Misma coordenada que IMB-243: posible registro duplicado. | D15: 420762.20 / 2045251.06
A16: IMB-243 | B16: 232 | C16: Misma coordenada que IMB-242: posible registro duplicado. | D16: 420762.20 / 2045251.05
A17: IMB-445B | B17: 30 | C17: Número 445 repetido en el levantamiento; se asignó IMB-445B. | D17: 420507.14 / 2046520.69
... A19: IMB-460 | B19: 14 | C19: El punto queda fuera de los lotes del Master Plan; verificar si pertenece a CJB o si la coordenada es correcta. | D19: 420680.44 / 2046402.58

Sheet Metodología
A1: Cómo se construyó el inventario
A2: Georreferencia del Master Plan y ubicación de cada imbornal
A5: Fuente de los puntos | B5: Levantamiento de imbornales de Verasol del 27/07/2026 (coordenadas Norte, Este y cota).
A6: Sistema de coordenadas | B6: WGS 84 / UTM zona 19N (EPSG:32619)
A7: Master Plan | B7: SVG del sistema de mapas (MAPA NUEVO - CJB/assets/mapa.svg). No se contó con el plano de AutoCAD, por lo que el SVG se georreferenció por calibración.
A8: Calibración | B8: Escala 4.3184 m por unidad del SVG, rotación 0.00013°. Fórmula: E = E0 + s·x ; N = N0 − s·y (x, y en unidades del SVG). La escala coincide con la obtenida comparando las áreas de los lotes del SVG con las áreas registradas en la base de datos.
A9: Verificación | B9: Superposición sobre la imagen satelital de Esri (World Imagery): los bordes de los lotes coinciden con las manzanas reales con una precisión de 1–2 m en zonas urbanizadas.
A10: Ubicación de cada punto | B10: «Calle»: el punto cae en un lote vial del Master Plan (15-01-xx), cuyo nombre es la calle. «Dentro de lote»: cae dentro de un lote no vial. «Lote más cercano»: el lote no vial más próximo y su distancia.
A11: Alcance | B11: El levantamiento cubre los imbornales de calles y áreas públicas; no incluye los filtrantes internos de residenciales y plazas comerciales.
A12: Actualización | B12: Ejecutar tools/generar_activos_cjb.py con el nuevo levantamiento: regenera esta hoja y la capa del mapa (MAPA NUEVO - CJB/data/activos_cjb.json).
